,XGBoost Baseline,XGBoost Penuh,SARIMA,SARIMAX,Ridge Regression,Naive (Persistence),Ensemble Rata-rata (SARIMAX+XGBoost Penuh),Ensemble Berbobot (SARIMAX+XGBoost Penuh),Ensemble Rata-rata (Ridge Regression+XGBoost Penuh),Ensemble Berbobot (Ridge Regression+XGBoost Penuh),[ORACLE-EKSPLORATIF] Ensemble Rata-rata (SARIMA+Ridge Regression),[ORACLE-EKSPLORATIF] Ensemble Berbobot (SARIMA+Ridge Regression)
XGBoost Baseline,0.0,1.7137863202478467,1.9773841693042211,-0.2506241765128742,2.405202059657651,-1.2752992631771447,1.952467774011126,2.0157773672172565,2.522281637913915,2.523826971587595,2.4852311971417116,2.5103389465624004
XGBoost Penuh,-1.7137863202478467,0.0,1.7156771489462146,-0.9608483657018713,2.3488175719494597,-1.7662777472818887,1.752368382475757,1.8440360406244283,2.8091630713211297,2.8057532759140074,2.5739223649356537,2.623987203497163
SARIMA,-1.9773841693042211,-1.7156771489462146,0.0,-2.510163538040257,-0.1751963028365941,-2.4903017403647687,0.00724909522430046,0.06120189230256496,-0.7661475538683363,-0.7583203342301472,0.5729131045298131,0.4975650393140771
SARIMAX,0.2506241765128742,0.9608483657018713,2.510163538040257,0.0,2.041356140009208,-0.7666925077957012,3.108813818107519,3.048316479050794,1.6639378379272183,1.6689109961133413,2.530109358240497,2.500978909807175
Ridge Regression,-2.405202059657651,-2.3488175719494597,0.1751963028365941,-2.041356140009208,0.0,-2.450451191744443,0.2245436795836722,0.2882027188409186,-1.6756303318637855,-1.6683843859090521,0.8717665482309414,0.9367269154573724
Naive (Persistence),1.2752992631771447,1.7662777472818887,2.4903017403647687,0.7666925077957012,2.450451191744443,0.0,2.2623557594681416,2.2875934567031884,2.2673459460285965,2.270427869306372,2.610672036360403,2.6075515097696513
Ensemble Rata-rata (SARIMAX+XGBoost Penuh),-1.952467774011126,-1.752368382475757,-0.00724909522430046,-3.108813818107519,-0.2245436795836722,-2.2623557594681416,0.0,0.8560352964111664,-0.8643699690174695,-0.8564874421318902,0.47035508713173463,0.4461090175329871
Ensemble Berbobot (SARIMAX+XGBoost Penuh),-2.0157773672172565,-1.8440360406244283,-0.06120189230256496,-3.048316479050794,-0.2882027188409186,-2.2875934567031884,-0.8560352964111664,0.0,-0.9510748953879358,-0.9429971618762237,0.42720158897155014,0.4029643238535484
Ensemble Rata-rata (Ridge Regression+XGBoost Penuh),-2.522281637913915,-2.8091630713211297,0.7661475538683363,-1.6639378379272183,1.6756303318637855,-2.2673459460285965,0.8643699690174695,0.9510748953879358,0.0,2.3438947423848915,1.7652492308129824,1.8656740123804423
Ensemble Berbobot (Ridge Regression+XGBoost Penuh),-2.523826971587595,-2.8057532759140074,0.7583203342301472,-1.6689109961133413,1.6683843859090521,-2.270427869306372,0.8564874421318902,0.9429971618762237,-2.3438947423848915,0.0,1.7561837359273627,1.8568491240538816
[ORACLE-EKSPLORATIF] Ensemble Rata-rata (SARIMA+Ridge Regression),-2.4852311971417116,-2.5739223649356537,-0.5729131045298131,-2.530109358240497,-0.8717665482309414,-2.610672036360403,-0.47035508713173463,-0.42720158897155014,-1.7652492308129824,-1.7561837359273627,0.0,-0.24773999738701277
[ORACLE-EKSPLORATIF] Ensemble Berbobot (SARIMA+Ridge Regression),-2.5103389465624004,-2.623987203497163,-0.4975650393140771,-2.500978909807175,-0.9367269154573724,-2.6075515097696513,-0.4461090175329871,-0.4029643238535484,-1.8656740123804423,-1.8568491240538816,0.24773999738701277,0.0
