Model,RMSE_CV_Latih,RMSE_Latih,MAPE_Latih (%),RMSE_Uji,MAE_Uji,MAPE_Uji (%),RMSE_CI95,MAPE_CI95,MAPE_CI95 (%)
[ORACLE-EKSPLORATIF] Ensemble Rata-rata (SARIMA+Ridge Regression),,,,76.54561131347737,59.347042760363415,7.1537416669890055,"(56.603055897027374, 93.74410494862046)","(5.258098025149168, 9.173351298839632)",[5.26; 9.17]
[ORACLE-EKSPLORATIF] Ensemble Berbobot (SARIMA+Ridge Regression),,,,76.6788939739626,59.13433201761641,7.103264669518833,"(56.110057594420816, 94.36888190931828)","(5.201224889921213, 9.137133475454736)",[5.20; 9.14]
Ensemble Berbobot (SARIMAX+XGBoost Penuh),,,,79.03668857455595,57.824512846403145,6.936854817999635,"(54.809702260245466, 99.75895848727465)","(4.740064941532075, 9.17501044070263)",[4.74; 9.18]
Ensemble Rata-rata (SARIMAX+XGBoost Penuh),,,,79.45306175866101,58.563014974424476,7.037353827374003,"(55.70949756275722, 100.56421581514323)","(4.810264972834737, 9.351240193454927)",[4.81; 9.35]
SARIMA,127.67224472063604,99.05215624772603,11.125414530230273,79.5098911824728,63.709399377987026,7.928851794388516,"(63.280499933700554, 93.55176365710206)","(5.926491817254041, 10.042807659197765)",[5.93; 10.04]
Ridge Regression,104.52883533014051,81.36380783725494,9.431875244611987,81.30573406303826,60.28266574015633,7.0051195885116115,"(55.10128842832731, 104.90309930124316)","(5.05615446917191, 9.1213319400415)",[5.06; 9.12]
Ensemble Berbobot (Ridge Regression+XGBoost Penuh),,,,87.38624522564939,67.27925824611484,7.8068300655593506,"(60.98182012540905, 109.77861350431235)","(5.660815658846456, 10.125839618824779)",[5.66; 10.13]
Ensemble Rata-rata (Ridge Regression+XGBoost Penuh),,,,87.47225721987283,67.35467060048676,7.815612725409037,"(61.08489920351962, 109.85218587833789)","(5.665450430812135, 10.13750060390075)",[5.67; 10.14]
XGBoost Penuh,106.43008737887821,22.675462765147966,2.6764873841740298,99.79678295283676,80.70302944231715,9.460516736257572,"(73.39348479189415, 122.53538534980639)","(7.043608961997949, 11.932651164203511)",[7.04; 11.93]
XGBoost Baseline,112.92731406540834,62.37369793902781,7.13468554552716,111.92980004287499,82.78565636014122,9.505087644581335,"(77.72394797654124, 141.11283614286785)","(6.691246584547911, 12.640773264538156)",[6.69; 12.64]
SARIMAX,114.99470708053212,79.03207537525478,8.81481671942854,117.48327314222075,100.80218463367106,12.543033147732894,"(87.1994863500871, 148.52788264454406)","(9.09837471822958, 16.861233600816107)",[9.10; 16.86]
Naive (Persistence),,135.5929339042435,15.753951706129483,138.38310946951884,107.39585402340742,12.94128169318815,"(94.23173357128819, 178.3948130088519)","(9.094789354629336, 17.613977217830953)",[9.09; 17.61]
