variabel,lag,ccf_prewhitened,status
bbnkb,1,-0.202,SIGNIFIKAN
bbnkb,2,-0.016,-
bbnkb,3,0.077,-
bbnkb,4,-0.063,-
bbnkb,5,-0.001,-
bbnkb,6,-0.113,-
bbnkb,7,-0.139,-
bbnkb,8,-0.048,-
bbnkb,9,0.148,-
bbnkb,10,-0.148,-
bbnkb,11,0.104,-
bbnkb,12,0.222,SIGNIFIKAN
ikk,1,0.003,-
ikk,2,-0.103,-
ikk,3,0.1,-
ikk,4,0.028,-
ikk,5,0.029,-
ikk,6,0.049,-
ikk,7,0.034,-
ikk,8,0.05,-
ikk,9,0.09,-
ikk,10,0.035,-
ikk,11,-0.064,-
ikk,12,-0.011,-
inflasi_yoy,1,0.012,-
inflasi_yoy,2,0.047,-
inflasi_yoy,3,0.01,-
inflasi_yoy,4,0.041,-
inflasi_yoy,5,-0.052,-
inflasi_yoy,6,-0.081,-
inflasi_yoy,7,-0.057,-
inflasi_yoy,8,-0.074,-
inflasi_yoy,9,-0.096,-
inflasi_yoy,10,-0.063,-
inflasi_yoy,11,-0.033,-
inflasi_yoy,12,-0.108,-
